driver_number,full_name,team_name,final_position,grid_position,pit_stop_count,avg_lap_time,best_lap_time,lap_count,circuit_key,circuit_short_name,session_key,year,positions_gained,lap_time_delta
1,Max VERSTAPPEN,Red Bull Racing,1,1,2.0,96.5827543859649,92.608,57.0,63,Sakhir,9472,2024,0,0.0
2,Logan SARGEANT,Williams,20,18,3.0,100.47296363636363,94.735,55.0,63,Sakhir,9472,2024,-2,2.1269999999999953
3,Daniel RICCIARDO,RB,13,14,2.0,98.46803571428572,95.163,56.0,63,Sakhir,9472,2024,1,2.5549999999999926
4,Lando NORRIS,McLaren,6,7,2.0,97.4320701754386,94.476,57.0,63,Sakhir,9472,2024,1,1.867999999999995
10,Pierre GASLY,Alpine,18,20,3.0,98.88569642857144,94.805,56.0,63,Sakhir,9472,2024,2,2.1970000000000027
11,Sergio PEREZ,Red Bull Racing,2,5,2.0,96.9768947368421,94.364,57.0,63,Sakhir,9472,2024,3,1.7560000000000002
14,Fernando ALONSO,Aston Martin,9,6,2.0,97.89487719298245,94.199,57.0,63,Sakhir,9472,2024,-3,1.590999999999994
16,Charles LECLERC,Ferrari,4,2,2.0,97.27752631578949,94.09,57.0,63,Sakhir,9472,2024,-2,1.4819999999999993
18,Lance STROLL,Aston Martin,10,12,2.0,98.21545614035088,95.632,57.0,63,Sakhir,9472,2024,2,3.024000000000001
20,Kevin MAGNUSSEN,Haas F1 Team,12,15,2.0,98.45642857142857,95.57,56.0,63,Sakhir,9472,2024,3,2.961999999999989
22,Yuki TSUNODA,RB,14,11,2.0,98.47476785714287,95.833,56.0,63,Sakhir,9472,2024,-3,3.2249999999999943
23,Alexander ALBON,Williams,15,13,2.0,98.51760714285714,95.723,56.0,63,Sakhir,9472,2024,-2,3.114999999999995
24,ZHOU Guanyu,Kick Sauber,11,17,2.0,98.42701785714287,95.458,56.0,63,Sakhir,9472,2024,6,2.8499999999999943
27,Nico HULKENBERG,Haas F1 Team,16,10,3.0,98.6205,94.834,56.0,63,Sakhir,9472,2024,-6,2.225999999999999
31,Esteban OCON,Alpine,17,19,2.0,98.86817857142857,96.226,56.0,63,Sakhir,9472,2024,2,3.617999999999995
44,Lewis HAMILTON,Mercedes,7,9,2.0,97.46308771929824,94.722,57.0,63,Sakhir,9472,2024,2,2.11399999999999
55,Carlos SAINZ,Ferrari,3,4,2.0,97.02221052631579,94.507,57.0,63,Sakhir,9472,2024,1,1.899000000000001
63,George RUSSELL,Mercedes,5,3,2.0,97.40322807017544,95.065,57.0,63,Sakhir,9472,2024,-2,2.4569999999999936
77,Valtteri BOTTAS,Kick Sauber,19,16,2.0,99.790875,96.202,56.0,63,Sakhir,9472,2024,-3,3.593999999999994
81,Oscar PIASTRI,McLaren,8,8,2.0,97.56598245614036,94.774,57.0,63,Sakhir,9472,2024,0,2.165999999999997
1,Max VERSTAPPEN,Red Bull Racing,1,1,1.0,96.87198000000001,91.773,50.0,149,Jeddah,9480,2024,0,0.14099999999999113
2,Logan SARGEANT,Williams,15,19,1.0,98.98810204081633,93.026,49.0,149,Jeddah,9480,2024,4,1.3939999999999912
3,Daniel RICCIARDO,RB,16,14,1.0,99.27651020408163,93.323,49.0,149,Jeddah,9480,2024,-2,1.6909999999999883
4,Lando NORRIS,McLaren,8,6,1.0,97.78912,91.944,50.0,149,Jeddah,9480,2024,-2,0.3119999999999976
10,Pierre GASLY,Alpine,20,18,0.0,121.917,121.917,1.0,149,Jeddah,9480,2024,-2,30.284999999999997
11,Sergio PEREZ,Red Bull Racing,2,3,1.0,97.04701999999999,92.273,50.0,149,Jeddah,9480,2024,1,0.6409999999999911
14,Fernando ALONSO,Aston Martin,5,4,1.0,97.58828,92.387,50.0,149,Jeddah,9480,2024,-1,0.7549999999999955
16,Charles LECLERC,Ferrari,3,2,1.0,97.24578,91.632,50.0,149,Jeddah,9480,2024,-1,0.0
18,Lance STROLL,Aston Martin,19,10,0.0,97.2116,95.56,5.0,149,Jeddah,9480,2024,-9,3.9279999999999973
20,Kevin MAGNUSSEN,Haas F1 Team,12,13,1.0,98.59028,92.338,50.0,149,Jeddah,9480,2024,1,0.7059999999999889
22,Yuki TSUNODA,RB,14,9,1.0,98.96553061224489,93.523,49.0,149,Jeddah,9480,2024,-5,1.8909999999999911
23,Alexander ALBON,Williams,11,12,1.0,98.64114,92.307,50.0,149,Jeddah,9480,2024,1,0.6749999999999972
24,ZHOU Guanyu,Kick Sauber,18,20,1.0,99.45563265306123,92.208,49.0,149,Jeddah,9480,2024,2,0.5759999999999934
27,Nico HULKENBERG,Haas F1 Team,10,15,1.0,98.41516,92.366,50.0,149,Jeddah,9480,2024,5,0.7339999999999947
31,Esteban OCON,Alpine,13,17,1.0,98.93420408163264,93.481,49.0,149,Jeddah,9480,2024,4,1.8489999999999895
38,Oliver BEARMAN,Ferrari,7,11,1.0,97.72874,92.186,50.0,149,Jeddah,9480,2024,4,0.554000000000002
44,Lewis HAMILTON,Mercedes,9,8,1.0,97.8215,91.746,50.0,149,Jeddah,9480,2024,-1,0.11399999999999011
63,George RUSSELL,Mercedes,6,7,1.0,97.67128000000001,92.254,50.0,149,Jeddah,9480,2024,1,0.6219999999999999
77,Valtteri BOTTAS,Kick Sauber,17,16,2.0,99.32116326530613,92.706,49.0,149,Jeddah,9480,2024,-1,1.073999999999998
81,Oscar PIASTRI,McLaren,4,5,1.0,97.51308,92.31,50.0,149,Jeddah,9480,2024,1,0.6779999999999973
1,Max VERSTAPPEN,Red Bull Racing,19,1,0.0,85.045,83.115,3.0,10,Melbourne,9488,2024,-18,3.3019999999999925
3,Daniel RICCIARDO,RB,12,18,2.0,84.89101754385965,81.239,57.0,10,Melbourne,9488,2024,6,1.426000000000002
4,Lando NORRIS,McLaren,3,4,2.0,83.33163793103448,79.915,58.0,10,Melbourne,9488,2024,1,0.10200000000000387
10,Pierre GASLY,Alpine,13,17,2.0,85.31935087719299,81.09,57.0,10,Melbourne,9488,2024,4,1.277000000000001
11,Sergio PEREZ,Red Bull Racing,5,3,2.0,84.2016551724138,80.388,58.0,10,Melbourne,9488,2024,-2,0.5750000000000028
14,Fernando ALONSO,Aston Martin,6,10,2.0,84.62479310344828,80.493,58.0,10,Melbourne,9488,2024,4,0.6799999999999926
16,Charles LECLERC,Ferrari,2,5,2.0,83.27034482758621,79.813,58.0,10,Melbourne,9488,2024,3,0.0
18,Lance STROLL,Aston Martin,7,9,2.0,84.83670689655172,80.93,58.0,10,Melbourne,9488,2024,2,1.1170000000000044
20,Kevin MAGNUSSEN,Haas F1 Team,10,14,2.0,84.76063157894737,81.082,57.0,10,Melbourne,9488,2024,4,1.2689999999999912
22,Yuki TSUNODA,RB,8,8,2.0,84.8778448275862,81.134,58.0,10,Melbourne,9488,2024,0,1.320999999999998
23,Alexander ALBON,Williams,11,12,2.0,84.77775438596491,81.618,57.0,10,Melbourne,9488,2024,1,1.8049999999999926
24,ZHOU Guanyu,Kick Sauber,15,19,2.0,85.22223214285714,81.327,56.0,10,Melbourne,9488,2024,4,1.5139999999999958
27,Nico HULKENBERG,Haas F1 Team,9,16,2.0,85.03225862068966,81.145,58.0,10,Melbourne,9488,2024,7,1.3319999999999936
31,Esteban OCON,Alpine,16,15,3.0,85.63584210526317,81.354,57.0,10,Melbourne,9488,2024,-1,1.5409999999999968
44,Lewis HAMILTON,Mercedes,18,11,1.0,85.25726666666667,82.444,15.0,10,Melbourne,9488,2024,-7,2.6310000000000002
55,Carlos SAINZ,Ferrari,1,2,2.0,83.22706896551725,80.031,58.0,10,Melbourne,9488,2024,1,0.21800000000000352
63,George RUSSELL,Mercedes,17,7,2.0,83.66280357142857,80.284,56.0,10,Melbourne,9488,2024,-10,0.47100000000000364
77,Valtteri BOTTAS,Kick Sauber,14,13,2.0,85.43161403508772,81.422,57.0,10,Melbourne,9488,2024,-1,1.6089999999999947
81,Oscar PIASTRI,McLaren,4,6,2.0,83.8461551724138,80.199,58.0,10,Melbourne,9488,2024,2,0.3859999999999957
1,Max VERSTAPPEN,Red Bull Racing,1,1,3.0,129.51069811320755,93.706,53.0,46,Suzuka,9496,2024,0,0.0
2,Logan SARGEANT,Williams,17,19,4.0,133.40096153846156,94.9,52.0,46,Suzuka,9496,2024,2,1.1940000000000026
3,Daniel RICCIARDO,RB,19,11,0.0,,,,46,Suzuka,9496,2024,-8,
4,Lando NORRIS,McLaren,5,3,3.0,130.07184905660378,95.186,53.0,46,Suzuka,9496,2024,-2,1.480000000000004
10,Pierre GASLY,Alpine,16,17,3.0,133.05971153846156,96.642,52.0,46,Suzuka,9496,2024,1,2.935999999999993
11,Sergio PEREZ,Red Bull Racing,2,2,3.0,129.7457924528302,93.945,53.0,46,Suzuka,9496,2024,0,0.2389999999999901
14,Fernando ALONSO,Aston Martin,6,5,3.0,130.34788679245284,94.726,53.0,46,Suzuka,9496,2024,-1,1.019999999999996
16,Charles LECLERC,Ferrari,4,8,2.0,130.0113962264151,95.044,53.0,46,Suzuka,9496,2024,4,1.3379999999999939
18,Lance STROLL,Aston Martin,12,16,4.0,132.21676923076922,95.798,52.0,46,Suzuka,9496,2024,4,2.0919999999999987
20,Kevin MAGNUSSEN,Haas F1 Team,13,18,2.0,132.3468653846154,96.654,52.0,46,Suzuka,9496,2024,5,2.9479999999999933
22,Yuki TSUNODA,RB,10,10,3.0,102.26541176470589,96.342,51.0,46,Suzuka,9496,2024,0,2.6359999999999957
23,Alexander ALBON,Williams,20,14,0.0,,,,46,Suzuka,9496,2024,-6,
24,ZHOU Guanyu,Kick Sauber,18,20,3.0,247.45550000000003,97.16,12.0,46,Suzuka,9496,2024,2,3.4539999999999935
27,Nico HULKENBERG,Haas F1 Team,11,12,3.0,132.13903846153846,95.325,52.0,46,Suzuka,9496,2024,1,1.6189999999999998
31,Esteban OCON,Alpine,15,15,3.0,132.79273076923076,96.232,52.0,46,Suzuka,9496,2024,0,2.5259999999999962
44,Lewis HAMILTON,Mercedes,9,7,3.0,130.4273396226415,93.952,53.0,46,Suzuka,9496,2024,-2,0.2459999999999951
55,Carlos SAINZ,Ferrari,3,4,3.0,129.90381132075473,93.841,53.0,46,Suzuka,9496,2024,1,0.1349999999999909
63,George RUSSELL,Mercedes,7,9,3.0,130.37658490566037,94.404,53.0,46,Suzuka,9496,2024,2,0.6979999999999933
77,Valtteri BOTTAS,Kick Sauber,14,13,3.0,132.3635,96.608,52.0,46,Suzuka,9496,2024,-1,2.902000000000001
81,Oscar PIASTRI,McLaren,8,6,3.0,130.40654716981132,94.802,53.0,46,Suzuka,9496,2024,-2,1.0960000000000036
1,Max VERSTAPPEN,Red Bull Racing,1,4,2.0,108.08814285714286,98.406,56.0,49,Shanghai,9673,2024,3,0.5960000000000036
2,Logan SARGEANT,Williams,17,20,2.0,109.55516363636363,101.0,55.0,49,Shanghai,9673,2024,3,3.1899999999999977
3,Daniel RICCIARDO,RB,18,14,1.0,115.07812121212122,100.994,33.0,49,Shanghai,9673,2024,-4,3.1839999999999975
4,Lando NORRIS,McLaren,2,1,1.0,108.33551785714285,98.751,56.0,49,Shanghai,9673,2024,-1,0.9410000000000025
10,Pierre GASLY,Alpine,13,16,3.0,109.3225357142857,99.198,56.0,49,Shanghai,9673,2024,3,1.387999999999991
11,Sergio PEREZ,Red Bull Racing,3,6,2.0,108.43130357142857,99.388,56.0,49,Shanghai,9673,2024,3,1.578000000000003
14,Fernando ALONSO,Aston Martin,7,3,3.0,108.86489285714286,97.81,56.0,49,Shanghai,9673,2024,-4,0.0
16,Charles LECLERC,Ferrari,4,7,1.0,108.51094642857143,99.384,56.0,49,Shanghai,9673,2024,3,1.573999999999998
18,Lance STROLL,Aston Martin,15,15,4.0,109.566875,99.444,56.0,49,Shanghai,9673,2024,0,1.6340000000000003
20,Kevin MAGNUSSEN,Haas F1 Team,16,12,2.0,109.47273214285714,101.077,56.0,49,Shanghai,9673,2024,-4,3.266999999999996
22,Yuki TSUNODA,RB,19,19,2.0,111.05773076923077,101.593,26.0,49,Shanghai,9673,2024,0,3.7830000000000013
23,Alexander ALBON,Williams,12,18,2.0,109.25932142857143,100.79,56.0,49,Shanghai,9673,2024,6,2.980000000000004
24,ZHOU Guanyu,Kick Sauber,14,10,3.0,109.36991071428572,98.633,56.0,49,Shanghai,9673,2024,-4,0.8229999999999933
27,Nico HULKENBERG,Haas F1 Team,10,13,2.0,109.16601785714285,100.815,56.0,49,Shanghai,9673,2024,3,3.0049999999999955
31,Esteban OCON,Alpine,11,17,2.0,109.20973214285713,100.937,56.0,49,Shanghai,9673,2024,6,3.1269999999999953
44,Lewis HAMILTON,Mercedes,9,2,2.0,109.12305357142857,100.835,56.0,49,Shanghai,9673,2024,-7,3.0249999999999915
55,Carlos SAINZ,Ferrari,5,5,1.0,108.69692857142857,99.764,56.0,49,Shanghai,9673,2024,0,1.9539999999999935
63,George RUSSELL,Mercedes,6,11,2.0,108.78064285714287,100.112,56.0,49,Shanghai,9673,2024,5,2.3019999999999925
77,Valtteri BOTTAS,Kick Sauber,20,9,1.0,104.15884210526316,101.276,19.0,49,Shanghai,9673,2024,-11,3.465999999999994
81,Oscar PIASTRI,McLaren,8,8,2.0,109.09185714285715,99.739,56.0,49,Shanghai,9673,2024,0,1.929000000000002
1,Max VERSTAPPEN,Red Bull Racing,2,1,1.0,95.75429824561404,91.261,57.0,151,Miami,9507,2024,-1,0.6269999999999953
2,Logan SARGEANT,Williams,20,19,1.0,95.7017037037037,93.452,27.0,151,Miami,9507,2024,-1,2.817999999999998
3,Daniel RICCIARDO,RB,15,4,1.0,96.5137543859649,92.122,57.0,151,Miami,9507,2024,-11,1.4879999999999995
4,Lando NORRIS,McLaren,1,9,1.0,95.62298245614035,90.98,57.0,151,Miami,9507,2024,8,0.34600000000000364
10,Pierre GASLY,Alpine,12,16,1.0,96.4062105263158,92.055,57.0,151,Miami,9507,2024,4,1.4210000000000065
11,Sergio PEREZ,Red Bull Racing,5,3,2.0,95.87843859649122,90.855,57.0,151,Miami,9507,2024,-2,0.22100000000000364
14,Fernando ALONSO,Aston Martin,9,8,1.0,96.2700350877193,91.727,57.0,151,Miami,9507,2024,-1,1.0930000000000035
16,Charles LECLERC,Ferrari,3,2,1.0,95.79387719298246,91.084,57.0,151,Miami,9507,2024,-1,0.45000000000000284
18,Lance STROLL,Aston Martin,17,7,2.0,96.41307017543859,91.588,57.0,151,Miami,9507,2024,-10,0.9539999999999935
20,Kevin MAGNUSSEN,Haas F1 Team,18,14,3.0,96.58035087719298,91.774,57.0,151,Miami,9507,2024,-4,1.1400000000000006
22,Yuki TSUNODA,RB,7,15,1.0,96.08050877192983,91.682,57.0,151,Miami,9507,2024,8,1.0480000000000018
23,Alexander ALBON,Williams,19,20,2.0,96.95331578947368,90.849,57.0,151,Miami,9507,2024,1,0.2150000000000034
24,ZHOU Guanyu,Kick Sauber,14,17,1.0,96.49568421052632,91.991,57.0,151,Miami,9507,2024,3,1.3569999999999993
27,Nico HULKENBERG,Haas F1 Team,11,10,2.0,96.33573684210526,91.941,57.0,151,Miami,9507,2024,-1,1.3070000000000022
31,Esteban OCON,Alpine,10,13,1.0,96.31543859649122,92.037,57.0,151,Miami,9507,2024,3,1.4030000000000058
44,Lewis HAMILTON,Mercedes,6,12,1.0,95.91059649122806,91.233,57.0,151,Miami,9507,2024,6,0.5990000000000038
55,Carlos SAINZ,Ferrari,4,5,1.0,95.82059649122807,90.928,57.0,151,Miami,9507,2024,1,0.29399999999999693
63,George RUSSELL,Mercedes,8,11,1.0,96.23150877192982,91.921,57.0,151,Miami,9507,2024,3,1.2870000000000061
77,Valtteri BOTTAS,Kick Sauber,16,18,2.0,96.53835087719298,92.098,57.0,151,Miami,9507,2024,2,1.4639999999999986
81,Oscar PIASTRI,McLaren,13,6,2.0,96.4912456140351,90.634,57.0,151,Miami,9507,2024,-7,0.0
1,Max VERSTAPPEN,Red Bull Racing,1,1,1.0,81.36009523809523,80.366,63.0,6,Imola,9515,2024,0,1.777000000000001
2,Logan SARGEANT,Williams,17,20,1.0,83.49503225806451,81.229,62.0,6,Imola,9515,2024,3,2.6400000000000006
3,Daniel RICCIARDO,RB,13,9,1.0,83.11882258064516,81.569,62.0,6,Imola,9515,2024,-4,2.980000000000004
4,Lando NORRIS,McLaren,2,3,1.0,81.37169841269842,79.994,63.0,6,Imola,9515,2024,1,1.4050000000000011
10,Pierre GASLY,Alpine,16,15,2.0,83.47277419354839,81.371,62.0,6,Imola,9515,2024,-1,2.7819999999999965
11,Sergio PEREZ,Red Bull Racing,8,11,1.0,82.23074603174604,79.686,63.0,6,Imola,9515,2024,3,1.0970000000000084
14,Fernando ALONSO,Aston Martin,19,19,3.0,83.7168524590164,79.004,61.0,6,Imola,9515,2024,0,0.41500000000000625
16,Charles LECLERC,Ferrari,3,4,1.0,81.48715873015873,79.935,63.0,6,Imola,9515,2024,1,1.3460000000000036
18,Lance STROLL,Aston Martin,9,13,1.0,82.62390476190475,80.57,63.0,6,Imola,9515,2024,4,1.9809999999999945
20,Kevin MAGNUSSEN,Haas F1 Team,12,18,1.0,83.09879032258064,81.009,62.0,6,Imola,9515,2024,6,2.4200000000000017
22,Yuki TSUNODA,RB,10,7,1.0,82.96141935483871,80.936,62.0,6,Imola,9515,2024,-3,2.3470000000000084
23,Alexander ALBON,Williams,20,14,4.0,86.04225490196077,81.274,51.0,6,Imola,9515,2024,-6,2.6850000000000023
24,ZHOU Guanyu,Kick Sauber,15,17,1.0,83.39666129032258,81.016,62.0,6,Imola,9515,2024,2,2.4270000000000067
27,Nico HULKENBERG,Haas F1 Team,11,10,1.0,83.0815806451613,81.7,62.0,6,Imola,9515,2024,-1,3.111000000000004
31,Esteban OCON,Alpine,14,12,1.0,83.37933870967743,81.304,62.0,6,Imola,9515,2024,-2,2.7150000000000034
44,Lewis HAMILTON,Mercedes,6,8,1.0,81.9176984126984,80.331,63.0,6,Imola,9515,2024,2,1.7420000000000044
55,Carlos SAINZ,Ferrari,5,5,1.0,81.7136507936508,80.22,63.0,6,Imola,9515,2024,0,1.6310000000000002
63,George RUSSELL,Mercedes,7,6,2.0,82.10879365079366,78.589,63.0,6,Imola,9515,2024,-1,0.0
77,Valtteri BOTTAS,Kick Sauber,18,16,1.0,83.5793870967742,81.455,62.0,6,Imola,9515,2024,-2,2.8659999999999997
81,Oscar PIASTRI,McLaren,4,2,1.0,81.58538095238094,79.907,63.0,6,Imola,9515,2024,-2,1.3179999999999978
1,Max VERSTAPPEN,Red Bull Racing,6,6,2.0,79.6164025974026,74.569,77.0,22,Monte Carlo,9523,2024,0,0.40399999999999636
2,Logan SARGEANT,Williams,15,17,2.0,81.16962666666666,75.525,75.0,22,Monte Carlo,9523,2024,2,1.3599999999999994
3,Daniel RICCIARDO,RB,12,13,1.0,81.22948000000001,77.172,75.0,22,Monte Carlo,9523,2024,1,3.006999999999991
4,Lando NORRIS,McLaren,4,4,1.0,79.69041558441559,75.742,77.0,22,Monte Carlo,9523,2024,0,1.5769999999999982
10,Pierre GASLY,Alpine,10,10,1.0,81.02763157894738,75.625,76.0,22,Monte Carlo,9523,2024,0,1.4599999999999937
11,Sergio PEREZ,Red Bull Racing,18,18,0.0,,,,22,Monte Carlo,9523,2024,0,
14,Fernando ALONSO,Aston Martin,11,16,1.0,81.14965333333333,77.939,75.0,22,Monte Carlo,9523,2024,5,3.7739999999999867
16,Charles LECLERC,Ferrari,1,1,1.0,79.73018181818182,75.162,77.0,22,Monte Carlo,9523,2024,0,0.9969999999999999
18,Lance STROLL,Aston Martin,14,14,3.0,81.31830666666666,76.71,75.0,22,Monte Carlo,9523,2024,0,2.5449999999999875
20,Kevin MAGNUSSEN,Haas F1 Team,20,15,0.0,,,,22,Monte Carlo,9523,2024,-5,
22,Yuki TSUNODA,RB,8,8,1.0,80.87410526315789,74.72,76.0,22,Monte Carlo,9523,2024,0,0.5549999999999926
23,Alexander ALBON,Williams,9,9,1.0,80.98406578947368,77.06,76.0,22,Monte Carlo,9523,2024,0,2.894999999999996
24,ZHOU Guanyu,Kick Sauber,16,20,2.0,81.66081333333332,74.718,75.0,22,Monte Carlo,9523,2024,4,0.5529999999999973
27,Nico HULKENBERG,Haas F1 Team,19,12,0.0,,,,22,Monte Carlo,9523,2024,-7,
31,Esteban OCON,Alpine,17,11,0.0,,,,22,Monte Carlo,9523,2024,-6,
44,Lewis HAMILTON,Mercedes,7,7,2.0,79.56698701298701,74.165,77.0,22,Monte Carlo,9523,2024,0,0.0
55,Carlos SAINZ,Ferrari,3,3,1.0,79.74568831168831,74.726,77.0,22,Monte Carlo,9523,2024,0,0.5609999999999928
63,George RUSSELL,Mercedes,5,5,1.0,79.67505194805196,75.228,77.0,22,Monte Carlo,9523,2024,0,1.0629999999999882
77,Valtteri BOTTAS,Kick Sauber,13,19,2.0,81.04392,76.561,75.0,22,Monte Carlo,9523,2024,6,2.396000000000001
81,Oscar PIASTRI,McLaren,2,2,1.0,79.79171428571428,76.281,77.0,22,Monte Carlo,9523,2024,0,2.1159999999999997
1,Max VERSTAPPEN,Red Bull Racing,1,2,2.0,90.69117142857142,75.569,70.0,23,Montreal,9531,2024,1,0.7130000000000081
2,Logan SARGEANT,Williams,20,13,0.0,94.13221739130435,86.484,23.0,23,Montreal,9531,2024,-7,11.628
3,Daniel RICCIARDO,RB,8,5,2.0,91.1011,77.076,70.0,23,Montreal,9531,2024,-3,2.219999999999999
4,Lando NORRIS,McLaren,2,3,2.0,90.74654285714286,75.558,70.0,23,Montreal,9531,2024,1,0.7020000000000124
10,Pierre GASLY,Alpine,9,15,2.0,91.1213,77.013,70.0,23,Montreal,9531,2024,6,2.1570000000000107
11,Sergio PEREZ,Red Bull Racing,18,16,2.0,92.37554901960785,78.819,51.0,23,Montreal,9531,2024,-2,3.963000000000008
14,Fernando ALONSO,Aston Martin,6,6,2.0,90.94082857142857,76.303,70.0,23,Montreal,9531,2024,0,1.4470000000000027
16,Charles LECLERC,Ferrari,19,11,3.0,96.09465,86.012,40.0,23,Montreal,9531,2024,-8,11.156000000000006
18,Lance STROLL,Aston Martin,7,9,2.0,91.02861428571428,76.762,70.0,23,Montreal,9531,2024,2,1.906000000000006
20,Kevin MAGNUSSEN,Haas F1 Team,12,14,4.0,91.13695714285716,76.499,70.0,23,Montreal,9531,2024,2,1.6430000000000007
22,Yuki TSUNODA,RB,14,8,1.0,91.44281428571429,77.309,70.0,23,Montreal,9531,2024,-6,2.453000000000003
23,Alexander ALBON,Williams,17,10,2.0,92.10428846153846,79.359,52.0,23,Montreal,9531,2024,-7,4.503
24,ZHOU Guanyu,Kick Sauber,15,20,3.0,92.7806811594203,77.325,69.0,23,Montreal,9531,2024,5,2.4690000000000083
27,Nico HULKENBERG,Haas F1 Team,11,19,3.0,91.13102857142856,76.683,70.0,23,Montreal,9531,2024,8,1.8270000000000124
31,Esteban OCON,Alpine,10,18,1.0,91.12458571428571,77.012,70.0,23,Montreal,9531,2024,8,2.156000000000006
44,Lewis HAMILTON,Mercedes,4,7,3.0,90.76168571428572,74.856,70.0,23,Montreal,9531,2024,3,0.0
55,Carlos SAINZ,Ferrari,16,12,2.0,92.09490384615385,78.957,52.0,23,Montreal,9531,2024,-4,4.100999999999999
63,George RUSSELL,Mercedes,3,1,3.0,90.7527,74.895,70.0,23,Montreal,9531,2024,-2,0.03900000000000148
77,Valtteri BOTTAS,Kick Sauber,13,17,1.0,91.26947142857144,77.25,70.0,23,Montreal,9531,2024,4,2.3940000000000055
81,Oscar PIASTRI,McLaren,5,4,2.0,90.83604285714286,76.247,70.0,23,Montreal,9531,2024,-1,1.3910000000000053
1,Max VERSTAPPEN,Red Bull Racing,1,2,2.0,80.31325757575758,77.776,66.0,15,Catalunya,9539,2024,1,0.6610000000000014
2,Logan SARGEANT,Williams,20,20,2.0,82.897671875,80.172,64.0,15,Catalunya,9539,2024,0,3.057000000000002
3,Daniel RICCIARDO,RB,15,18,2.0,82.22693846153847,79.45,65.0,15,Catalunya,9539,2024,3,2.335000000000008
4,Lando NORRIS,McLaren,2,1,2.0,80.34709090909091,77.115,66.0,15,Catalunya,9539,2024,-1,0.0
10,Pierre GASLY,Alpine,9,7,2.0,81.2535,79.045,66.0,15,Catalunya,9539,2024,-2,1.9300000000000068
11,Sergio PEREZ,Red Bull Racing,8,8,3.0,81.21631818181818,77.785,66.0,15,Catalunya,9539,2024,0,0.6700000000000017
14,Fernando ALONSO,Aston Martin,12,11,2.0,81.69535384615385,78.334,65.0,15,Catalunya,9539,2024,-1,1.2190000000000083
16,Charles LECLERC,Ferrari,5,5,2.0,80.65712121212121,77.897,66.0,15,Catalunya,9539,2024,0,0.7820000000000107
18,Lance STROLL,Aston Martin,14,14,2.0,81.93555384615384,79.318,65.0,15,Catalunya,9539,2024,0,2.203000000000003
20,Kevin MAGNUSSEN,Haas F1 Team,17,16,2.0,82.39020000000001,79.805,65.0,15,Catalunya,9539,2024,-1,2.690000000000012
22,Yuki TSUNODA,RB,19,17,3.0,82.52863076923077,79.447,65.0,15,Catalunya,9539,2024,-2,2.332000000000008
23,Alexander ALBON,Williams,18,19,2.0,82.257125,79.132,64.0,15,Catalunya,9539,2024,1,2.01700000000001
24,ZHOU Guanyu,Kick Sauber,13,15,2.0,81.78684615384616,78.771,65.0,15,Catalunya,9539,2024,2,1.656000000000006
27,Nico HULKENBERG,Haas F1 Team,11,13,2.0,81.43736363636364,78.609,66.0,15,Catalunya,9539,2024,2,1.4939999999999998
31,Esteban OCON,Alpine,10,9,2.0,81.40154545454546,78.982,66.0,15,Catalunya,9539,2024,-1,1.8670000000000044
44,Lewis HAMILTON,Mercedes,3,3,2.0,80.58289393939393,77.809,66.0,15,Catalunya,9539,2024,0,0.6940000000000026
55,Carlos SAINZ,Ferrari,6,6,2.0,80.7835,78.539,66.0,15,Catalunya,9539,2024,0,1.4240000000000066
63,George RUSSELL,Mercedes,4,4,2.0,80.65183333333333,78.29,66.0,15,Catalunya,9539,2024,0,1.1750000000000114
77,Valtteri BOTTAS,Kick Sauber,16,12,2.0,82.3675076923077,79.608,65.0,15,Catalunya,9539,2024,-4,2.493000000000009
81,Oscar PIASTRI,McLaren,7,10,2.0,80.82548484848485,77.874,66.0,15,Catalunya,9539,2024,3,0.7590000000000003
1,Max VERSTAPPEN,Red Bull Racing,5,1,3.0,71.6963661971831,67.719,71.0,19,Spielberg,9550,2024,-4,0.024999999999991473
2,Logan SARGEANT,Williams,19,15,3.0,73.47144927536232,70.406,69.0,19,Spielberg,9550,2024,-4,2.7120000000000033
3,Daniel RICCIARDO,RB,9,16,2.0,72.17318309859155,70.426,71.0,19,Spielberg,9550,2024,7,2.7319999999999993
4,Lando NORRIS,McLaren,20,2,2.0,71.73996875,68.016,64.0,19,Spielberg,9550,2024,-18,0.32200000000000273
10,Pierre GASLY,Alpine,10,9,2.0,72.18045070422535,69.609,71.0,19,Spielberg,9550,2024,-1,1.914999999999992
11,Sergio PEREZ,Red Bull Racing,7,7,2.0,72.0826338028169,69.694,71.0,19,Spielberg,9550,2024,0,2.0
14,Fernando ALONSO,Aston Martin,18,13,3.0,73.01118571428572,67.694,70.0,19,Spielberg,9550,2024,-5,0.0
16,Charles LECLERC,Ferrari,11,10,4.0,72.25746478873239,69.584,71.0,19,Spielberg,9550,2024,-1,1.8900000000000006
18,Lance STROLL,Aston Martin,13,12,2.0,72.47692857142857,70.143,70.0,19,Spielberg,9550,2024,-1,2.448999999999998
20,Kevin MAGNUSSEN,Haas F1 Team,8,11,2.0,72.16277464788732,70.125,71.0,19,Spielberg,9550,2024,3,2.4309999999999974
22,Yuki TSUNODA,RB,14,14,2.0,72.51941428571429,70.318,70.0,19,Spielberg,9550,2024,0,2.6239999999999952
23,Alexander ALBON,Williams,15,19,2.0,72.48561428571429,70.364,70.0,19,Spielberg,9550,2024,4,2.6700000000000017
24,ZHOU Guanyu,Kick Sauber,17,20,2.0,72.806115942029,70.47,69.0,19,Spielberg,9550,2024,3,2.7759999999999962
27,Nico HULKENBERG,Haas F1 Team,6,17,2.0,72.07390140845071,70.215,71.0,19,Spielberg,9550,2024,11,2.521000000000001
31,Esteban OCON,Alpine,12,8,2.0,72.27542253521128,69.649,71.0,19,Spielberg,9550,2024,-4,1.9549999999999983
44,Lewis HAMILTON,Mercedes,4,6,2.0,71.63850704225352,69.562,71.0,19,Spielberg,9550,2024,2,1.867999999999995
55,Carlos SAINZ,Ferrari,3,5,2.0,71.37708450704226,69.282,71.0,19,Spielberg,9550,2024,2,1.5879999999999939
63,George RUSSELL,Mercedes,1,4,2.0,71.3122676056338,69.164,71.0,19,Spielberg,9550,2024,3,1.4699999999999989
77,Valtteri BOTTAS,Kick Sauber,16,18,2.0,72.608,70.449,70.0,19,Spielberg,9550,2024,2,2.7549999999999955
81,Oscar PIASTRI,McLaren,2,3,2.0,71.34391549295775,68.697,71.0,19,Spielberg,9550,2024,1,1.0030000000000001
1,Max VERSTAPPEN,Red Bull Racing,2,4,2.0,95.17353846153847,88.952,52.0,2,Silverstone,9558,2024,2,0.6589999999999918
2,Logan SARGEANT,Williams,11,12,2.0,96.85459615384616,89.972,52.0,2,Silverstone,9558,2024,1,1.6789999999999878
3,Daniel RICCIARDO,RB,13,15,2.0,97.20370588235295,90.735,51.0,2,Silverstone,9558,2024,2,2.441999999999993
4,Lando NORRIS,McLaren,3,3,2.0,95.28807692307691,89.262,52.0,2,Silverstone,9558,2024,0,0.9689999999999941
10,Pierre GASLY,Alpine,20,20,0.0,,,,2,Silverstone,9558,2024,0,
11,Sergio PEREZ,Red Bull Racing,17,19,4.0,99.094,89.707,49.0,2,Silverstone,9558,2024,2,1.4139999999999873
14,Fernando ALONSO,Aston Martin,8,10,2.0,96.36817307692309,89.71,52.0,2,Silverstone,9558,2024,2,1.4169999999999874
16,Charles LECLERC,Ferrari,14,11,3.0,97.80101960784313,89.748,51.0,2,Silverstone,9558,2024,-3,1.4549999999999983
18,Lance STROLL,Aston Martin,7,8,2.0,96.23053846153847,89.897,52.0,2,Silverstone,9558,2024,1,1.6039999999999992
20,Kevin MAGNUSSEN,Haas F1 Team,12,17,2.0,96.87786538461539,90.093,52.0,2,Silverstone,9558,2024,5,1.7999999999999972
22,Yuki TSUNODA,RB,10,13,2.0,96.66713461538461,90.229,52.0,2,Silverstone,9558,2024,3,1.9359999999999928
23,Alexander ALBON,Williams,9,9,2.0,96.45536538461539,89.718,52.0,2,Silverstone,9558,2024,0,1.4249999999999972
24,ZHOU Guanyu,Kick Sauber,18,14,4.0,100.03772000000001,91.014,50.0,2,Silverstone,9558,2024,-4,2.7209999999999894
27,Nico HULKENBERG,Haas F1 Team,6,6,2.0,96.21438461538462,89.836,52.0,2,Silverstone,9558,2024,0,1.5429999999999922
31,Esteban OCON,Alpine,16,18,4.0,99.16498,90.875,50.0,2,Silverstone,9558,2024,2,2.5819999999999936
44,Lewis HAMILTON,Mercedes,1,2,2.0,95.14282692307691,89.438,52.0,2,Silverstone,9558,2024,1,1.144999999999996
55,Carlos SAINZ,Ferrari,5,7,3.0,96.05296153846153,88.293,52.0,2,Silverstone,9558,2024,2,0.0
63,George RUSSELL,Mercedes,19,1,1.0,96.122,91.298,33.0,2,Silverstone,9558,2024,-18,3.0049999999999955
77,Valtteri BOTTAS,Kick Sauber,15,16,2.0,97.83007843137254,91.277,51.0,2,Silverstone,9558,2024,1,2.9839999999999947
81,Oscar PIASTRI,McLaren,4,5,2.0,95.38151923076923,88.748,52.0,2,Silverstone,9558,2024,1,0.4549999999999983
1,Max VERSTAPPEN,Red Bull Racing,5,3,2.0,84.34051428571429,80.908,70.0,4,Hungaroring,9566,2024,-2,0.6029999999999944
2,Logan SARGEANT,Williams,17,14,3.0,86.013,80.561,69.0,4,Hungaroring,9566,2024,-3,0.2560000000000002
3,Daniel RICCIARDO,RB,12,9,2.0,85.51156521739131,82.64,69.0,4,Hungaroring,9566,2024,-3,2.3349999999999937
4,Lando NORRIS,McLaren,2,1,2.0,84.06504285714286,81.712,70.0,4,Hungaroring,9566,2024,-1,1.4069999999999965
10,Pierre GASLY,Alpine,20,20,1.0,86.27053125,83.34,32.0,4,Hungaroring,9566,2024,0,3.0349999999999966
11,Sergio PEREZ,Red Bull Racing,7,16,2.0,84.60325714285715,81.096,70.0,4,Hungaroring,9566,2024,9,0.7909999999999968
14,Fernando ALONSO,Aston Martin,11,7,2.0,85.2125,83.063,70.0,4,Hungaroring,9566,2024,-4,2.7579999999999956
16,Charles LECLERC,Ferrari,4,6,2.0,84.31524285714286,82.182,70.0,4,Hungaroring,9566,2024,2,1.8769999999999953
18,Lance STROLL,Aston Martin,10,8,2.0,85.14937142857143,82.338,70.0,4,Hungaroring,9566,2024,-2,2.032999999999987
20,Kevin MAGNUSSEN,Haas F1 Team,15,15,2.0,85.90702898550725,83.553,69.0,4,Hungaroring,9566,2024,0,3.2479999999999905
22,Yuki TSUNODA,RB,9,10,1.0,85.13774285714285,83.533,70.0,4,Hungaroring,9566,2024,1,3.2279999999999944
23,Alexander ALBON,Williams,14,13,2.0,85.78463768115942,83.93,69.0,4,Hungaroring,9566,2024,-1,3.625
24,ZHOU Guanyu,Kick Sauber,19,18,2.0,86.17340579710145,83.487,69.0,4,Hungaroring,9566,2024,-1,3.181999999999988
27,Nico HULKENBERG,Haas F1 Team,13,11,2.0,85.73394202898551,83.461,69.0,4,Hungaroring,9566,2024,-2,3.1559999999999917
31,Esteban OCON,Alpine,18,19,3.0,86.13520289855072,81.61,69.0,4,Hungaroring,9566,2024,1,1.3049999999999926
44,Lewis HAMILTON,Mercedes,3,5,2.0,84.24631428571429,82.153,70.0,4,Hungaroring,9566,2024,2,1.847999999999999
55,Carlos SAINZ,Ferrari,6,4,2.0,84.36424285714286,81.441,70.0,4,Hungaroring,9566,2024,-2,1.1359999999999957
63,George RUSSELL,Mercedes,8,17,2.0,84.63871428571429,80.305,70.0,4,Hungaroring,9566,2024,9,0.0
77,Valtteri BOTTAS,Kick Sauber,16,12,2.0,85.91011594202898,82.792,69.0,4,Hungaroring,9566,2024,-4,2.4869999999999948
81,Oscar PIASTRI,McLaren,1,2,2.0,84.03381428571429,81.716,70.0,4,Hungaroring,9566,2024,1,1.4109999999999872
1,Max VERSTAPPEN,Red Bull Racing,5,1,2.0,109.24018181818182,106.128,44.0,7,Spa-Francorchamps,9574,2024,-4,1.4270000000000067
2,Logan SARGEANT,Williams,18,19,2.0,110.9875909090909,107.49,44.0,7,Spa-Francorchamps,9574,2024,1,2.7890000000000015
3,Daniel RICCIARDO,RB,11,13,2.0,110.28200000000001,107.435,44.0,7,Spa-Francorchamps,9574,2024,2,2.734000000000009
4,Lando NORRIS,McLaren,6,5,2.0,109.25843181818182,105.563,44.0,7,Spa-Francorchamps,9574,2024,-1,0.862000000000009
10,Pierre GASLY,Alpine,14,12,2.0,110.49575,107.418,44.0,7,Spa-Francorchamps,9574,2024,-2,2.717000000000013
11,Sergio PEREZ,Red Bull Racing,8,3,3.0,110.0150909090909,104.701,44.0,7,Spa-Francorchamps,9574,2024,-5,0.0
14,Fernando ALONSO,Aston Martin,9,9,1.0,110.16843181818182,108.051,44.0,7,Spa-Francorchamps,9574,2024,0,3.3500000000000085
16,Charles LECLERC,Ferrari,4,2,2.0,109.22684090909091,107.013,44.0,7,Spa-Francorchamps,9574,2024,-2,2.312000000000012
18,Lance STROLL,Aston Martin,12,15,1.0,110.46259090909092,108.105,44.0,7,Spa-Francorchamps,9574,2024,3,3.4040000000000106
20,Kevin MAGNUSSEN,Haas F1 Team,15,17,1.0,110.54609090909092,107.848,44.0,7,Spa-Francorchamps,9574,2024,2,3.1470000000000056
22,Yuki TSUNODA,RB,17,18,1.0,110.77836363636362,107.969,44.0,7,Spa-Francorchamps,9574,2024,1,3.2680000000000007
23,Alexander ALBON,Williams,13,11,2.0,110.48,107.996,44.0,7,Spa-Francorchamps,9574,2024,-2,3.2950000000000017
24,ZHOU Guanyu,Kick Sauber,20,20,0.0,132.1694,112.099,5.0,7,Spa-Francorchamps,9574,2024,0,7.39800000000001
27,Nico HULKENBERG,Haas F1 Team,19,16,2.0,111.05154545454546,108.954,44.0,7,Spa-Francorchamps,9574,2024,-3,4.253
31,Esteban OCON,Alpine,10,10,2.0,110.22845454545454,106.957,44.0,7,Spa-Francorchamps,9574,2024,0,2.2560000000000002
44,Lewis HAMILTON,Mercedes,2,4,2.0,109.04561363636363,106.653,44.0,7,Spa-Francorchamps,9574,2024,2,1.9520000000000124
55,Carlos SAINZ,Ferrari,7,8,2.0,109.48352272727271,106.364,44.0,7,Spa-Francorchamps,9574,2024,1,1.663000000000011
63,George RUSSELL,Mercedes,1,7,1.0,109.03556818181818,107.113,44.0,7,Spa-Francorchamps,9574,2024,6,2.412000000000006
77,Valtteri BOTTAS,Kick Sauber,16,14,2.0,110.63811363636364,107.019,44.0,7,Spa-Francorchamps,9574,2024,-2,2.318000000000012
81,Oscar PIASTRI,McLaren,3,6,2.0,109.06211363636363,105.84,44.0,7,Spa-Francorchamps,9574,2024,3,1.13900000000001
1,Max VERSTAPPEN,Red Bull Racing,2,2,1.0,75.956125,74.752,72.0,55,Zandvoort,9582,2024,0,0.9350000000000023
2,Logan SARGEANT,Williams,16,20,1.0,77.61307042253522,75.539,71.0,55,Zandvoort,9582,2024,4,1.7220000000000084
3,Daniel RICCIARDO,RB,12,16,1.0,77.00111267605634,75.222,71.0,55,Zandvoort,9582,2024,4,1.4050000000000011
4,Lando NORRIS,McLaren,1,1,1.0,75.63773611111111,73.817,72.0,55,Zandvoort,9582,2024,0,0.0
10,Pierre GASLY,Alpine,9,10,1.0,76.8259014084507,74.855,71.0,55,Zandvoort,9582,2024,1,1.038000000000011
11,Sergio PEREZ,Red Bull Racing,6,5,1.0,76.18697222222222,74.587,72.0,55,Zandvoort,9582,2024,-1,0.7700000000000102
14,Fernando ALONSO,Aston Martin,10,7,1.0,76.89459154929577,74.758,71.0,55,Zandvoort,9582,2024,-3,0.9410000000000025
16,Charles LECLERC,Ferrari,3,6,1.0,75.99076388888889,74.585,72.0,55,Zandvoort,9582,2024,3,0.7680000000000007
18,Lance STROLL,Aston Martin,13,9,1.0,76.99457746478873,75.255,71.0,55,Zandvoort,9582,2024,-4,1.4380000000000024
20,Kevin MAGNUSSEN,Haas F1 Team,18,15,1.0,77.43505714285713,74.954,70.0,55,Zandvoort,9582,2024,-3,1.1370000000000005
22,Yuki TSUNODA,RB,17,13,2.0,77.6205633802817,75.552,71.0,55,Zandvoort,9582,2024,-4,1.7350000000000136
23,Alexander ALBON,Williams,14,8,2.0,77.27705633802817,74.434,71.0,55,Zandvoort,9582,2024,-6,0.6170000000000044
24,ZHOU Guanyu,Kick Sauber,20,19,2.0,78.31422857142857,75.724,70.0,55,Zandvoort,9582,2024,-1,1.9070000000000107
27,Nico HULKENBERG,Haas F1 Team,11,14,1.0,76.97419718309858,75.657,71.0,55,Zandvoort,9582,2024,3,1.8400000000000034
31,Esteban OCON,Alpine,15,17,1.0,77.36530985915493,75.39,71.0,55,Zandvoort,9582,2024,2,1.5730000000000075
44,Lewis HAMILTON,Mercedes,8,12,2.0,76.32701388888889,73.878,72.0,55,Zandvoort,9582,2024,4,0.06100000000000705
55,Carlos SAINZ,Ferrari,5,11,1.0,76.08477777777779,74.117,72.0,55,Zandvoort,9582,2024,6,0.30000000000001137
63,George RUSSELL,Mercedes,7,4,2.0,76.25844444444445,73.927,72.0,55,Zandvoort,9582,2024,-3,0.11000000000001364
77,Valtteri BOTTAS,Kick Sauber,19,18,2.0,77.84575714285715,75.822,70.0,55,Zandvoort,9582,2024,-1,2.0050000000000097
81,Oscar PIASTRI,McLaren,4,3,1.0,76.01888888888888,74.237,72.0,55,Zandvoort,9582,2024,-1,0.4200000000000017
1,Max VERSTAPPEN,Red Bull Racing,6,7,2.0,85.26477358490567,81.745,53.0,39,Monza,9590,2024,1,0.3130000000000024
3,Daniel RICCIARDO,RB,13,12,1.0,86.0288679245283,84.219,53.0,39,Monza,9590,2024,-1,2.786999999999992
4,Lando NORRIS,McLaren,3,1,2.0,84.66673584905661,81.432,53.0,39,Monza,9590,2024,-2,0.0
10,Pierre GASLY,Alpine,15,14,2.0,86.52659615384616,83.755,52.0,39,Monza,9590,2024,-1,2.3229999999999933
11,Sergio PEREZ,Red Bull Racing,8,8,2.0,85.57315094339623,82.971,53.0,39,Monza,9590,2024,0,1.5390000000000015
14,Fernando ALONSO,Aston Martin,11,11,2.0,85.84237735849057,82.944,53.0,39,Monza,9590,2024,0,1.5120000000000005
16,Charles LECLERC,Ferrari,1,4,1.0,84.54984905660378,83.226,53.0,39,Monza,9590,2024,3,1.793999999999997
18,Lance STROLL,Aston Martin,19,17,3.0,87.0125576923077,82.232,52.0,39,Monza,9590,2024,-2,0.7999999999999972
20,Kevin MAGNUSSEN,Haas F1 Team,10,13,1.0,85.64783018867925,83.437,53.0,39,Monza,9590,2024,3,2.0049999999999955
22,Yuki TSUNODA,RB,20,16,0.0,91.00728571428571,86.198,7.0,39,Monza,9590,2024,-4,4.765999999999991
23,Alexander ALBON,Williams,9,9,1.0,85.82435849056603,83.918,53.0,39,Monza,9590,2024,0,2.486000000000004
24,ZHOU Guanyu,Kick Sauber,18,20,1.0,86.94605769230769,85.092,52.0,39,Monza,9590,2024,2,3.6599999999999966
27,Nico HULKENBERG,Haas F1 Team,17,10,2.0,86.76940384615385,83.275,52.0,39,Monza,9590,2024,-7,1.8430000000000035
31,Esteban OCON,Alpine,14,15,1.0,86.41848076923078,84.343,52.0,39,Monza,9590,2024,1,2.9110000000000014
43,Franco COLAPINTO,Williams,12,18,1.0,86.08420754716981,83.728,53.0,39,Monza,9590,2024,6,2.2959999999999923
44,Lewis HAMILTON,Mercedes,5,6,2.0,84.98222641509435,81.512,53.0,39,Monza,9590,2024,1,0.0799999999999983
55,Carlos SAINZ,Ferrari,4,5,1.0,84.84635849056603,83.219,53.0,39,Monza,9590,2024,1,1.786999999999992
63,George RUSSELL,Mercedes,7,3,2.0,85.30075471698115,82.036,53.0,39,Monza,9590,2024,-4,0.6039999999999992
77,Valtteri BOTTAS,Kick Sauber,16,19,1.0,86.69903846153846,83.609,52.0,39,Monza,9590,2024,3,2.1769999999999925
81,Oscar PIASTRI,McLaren,2,2,2.0,84.6022641509434,81.943,53.0,39,Monza,9590,2024,0,0.5109999999999957
1,Max VERSTAPPEN,Red Bull Racing,5,6,2.0,110.89309803921569,106.798,51.0,144,Baku,9598,2024,1,1.5430000000000064
3,Daniel RICCIARDO,RB,13,16,1.0,112.26101960784314,108.38,51.0,144,Baku,9598,2024,3,3.125
4,Lando NORRIS,McLaren,4,17,1.0,110.0887843137255,105.255,51.0,144,Baku,9598,2024,13,0.0
10,Pierre GASLY,Alpine,12,13,1.0,111.67788235294118,108.018,51.0,144,Baku,9598,2024,1,2.7630000000000052
11,Sergio PEREZ,Red Bull Racing,17,4,1.0,108.60353061224491,107.013,49.0,144,Baku,9598,2024,-13,1.7580000000000098
14,Fernando ALONSO,Aston Martin,6,8,1.0,111.05733333333333,107.057,51.0,144,Baku,9598,2024,2,1.8020000000000067
16,Charles LECLERC,Ferrari,2,1,1.0,109.59588235294119,107.067,51.0,144,Baku,9598,2024,-1,1.8119999999999976
18,Lance STROLL,Aston Martin,19,15,2.0,111.14484444444444,108.148,45.0,144,Baku,9598,2024,-4,2.8930000000000007
22,Yuki TSUNODA,RB,20,12,1.0,115.93864285714287,110.887,14.0,144,Baku,9598,2024,-8,5.632000000000005
23,Alexander ALBON,Williams,7,10,1.0,111.09305882352942,106.947,51.0,144,Baku,9598,2024,3,1.6920000000000073
24,ZHOU Guanyu,Kick Sauber,14,19,1.0,112.29813725490196,107.644,51.0,144,Baku,9598,2024,5,2.38900000000001
27,Nico HULKENBERG,Haas F1 Team,11,14,1.0,111.21443137254902,107.691,51.0,144,Baku,9598,2024,3,2.436000000000007
31,Esteban OCON,Alpine,15,20,1.0,111.68126530612244,108.831,49.0,144,Baku,9598,2024,5,3.5760000000000076
43,Franco COLAPINTO,Williams,8,9,1.0,111.13825490196079,107.274,51.0,144,Baku,9598,2024,1,2.0190000000000055
44,Lewis HAMILTON,Mercedes,9,7,1.0,110.89407999999999,107.236,50.0,144,Baku,9598,2024,-2,1.9810000000000088
50,Oliver BEARMAN,Haas F1 Team,10,11,1.0,111.20464705882353,107.048,51.0,144,Baku,9598,2024,1,1.7930000000000064
55,Carlos SAINZ,Ferrari,18,3,1.0,108.61579591836734,106.866,49.0,144,Baku,9598,2024,-15,1.6110000000000042
63,George RUSSELL,Mercedes,3,5,1.0,109.99474509803922,106.628,51.0,144,Baku,9598,2024,2,1.3730000000000047
77,Valtteri BOTTAS,Kick Sauber,16,18,1.0,112.07668,108.418,50.0,144,Baku,9598,2024,2,3.163000000000011
81,Oscar PIASTRI,McLaren,1,2,1.0,109.38215686274509,107.06,51.0,144,Baku,9598,2024,1,1.8050000000000068
1,Max VERSTAPPEN,Red Bull Racing,2,2,1.0,97.96451612903226,95.967,62.0,61,Singapore,9606,2024,0,1.4809999999999945
3,Daniel RICCIARDO,RB,18,16,3.0,100.70160655737705,94.486,61.0,61,Singapore,9606,2024,-2,0.0
4,Lando NORRIS,McLaren,1,1,1.0,97.62906451612902,94.925,62.0,61,Singapore,9606,2024,0,0.43899999999999295
10,Pierre GASLY,Alpine,17,18,1.0,100.19932786885245,96.927,61.0,61,Singapore,9606,2024,1,2.4410000000000025
11,Sergio PEREZ,Red Bull Racing,10,13,1.0,99.30270491803279,97.477,61.0,61,Singapore,9606,2024,3,2.9909999999999997
14,Fernando ALONSO,Aston Martin,8,7,1.0,99.24326229508196,97.741,61.0,61,Singapore,9606,2024,-1,3.2549999999999955
16,Charles LECLERC,Ferrari,5,9,1.0,98.63596774193549,95.371,62.0,61,Singapore,9606,2024,4,0.8849999999999909
18,Lance STROLL,Aston Martin,14,17,1.0,100.00881967213115,97.851,61.0,61,Singapore,9606,2024,3,3.364999999999995
20,Kevin MAGNUSSEN,Haas F1 Team,19,14,2.0,101.96996491228072,94.754,57.0,61,Singapore,9606,2024,-5,0.2680000000000007
22,Yuki TSUNODA,RB,12,8,1.0,99.37370491803279,96.393,61.0,61,Singapore,9606,2024,-4,1.9069999999999965
23,Alexander ALBON,Williams,20,11,1.0,104.0706,96.888,15.0,61,Singapore,9606,2024,-9,2.402000000000001
24,ZHOU Guanyu,Kick Sauber,15,20,1.0,100.16759016393442,97.461,61.0,61,Singapore,9606,2024,5,2.9749999999999943
27,Nico HULKENBERG,Haas F1 Team,9,6,1.0,99.2793606557377,97.47,61.0,61,Singapore,9606,2024,-3,2.9839999999999947
31,Esteban OCON,Alpine,13,15,1.0,99.95101639344261,97.964,61.0,61,Singapore,9606,2024,2,3.4779999999999944
43,Franco COLAPINTO,Williams,11,12,1.0,99.33219672131148,97.262,61.0,61,Singapore,9606,2024,1,2.7759999999999962
44,Lewis HAMILTON,Mercedes,6,3,1.0,99.00285483870967,97.393,62.0,61,Singapore,9606,2024,-3,2.9069999999999965
55,Carlos SAINZ,Ferrari,7,10,1.0,99.1774193548387,96.561,62.0,61,Singapore,9606,2024,3,2.075000000000003
63,George RUSSELL,Mercedes,4,4,1.0,98.61216129032258,97.047,62.0,61,Singapore,9606,2024,0,2.560999999999993
77,Valtteri BOTTAS,Kick Sauber,16,19,1.0,100.17998360655739,97.524,61.0,61,Singapore,9606,2024,3,3.0379999999999967
81,Oscar PIASTRI,McLaren,3,5,1.0,98.30366129032258,95.745,62.0,61,Singapore,9606,2024,2,1.2590000000000003
1,Max VERSTAPPEN,Red Bull Racing,3,1,1.0,102.31248214285714,98.117,56.0,9,Austin,9617,2024,-2,0.7870000000000061
4,Lando NORRIS,McLaren,4,4,1.0,102.23908928571429,97.679,56.0,9,Austin,9617,2024,0,0.34900000000000375
10,Pierre GASLY,Alpine,12,12,1.0,103.49753571428572,98.311,56.0,9,Austin,9617,2024,0,0.9810000000000088
11,Sergio PEREZ,Red Bull Racing,7,11,1.0,103.01964285714287,98.514,56.0,9,Austin,9617,2024,4,1.1839999999999975
14,Fernando ALONSO,Aston Martin,13,14,1.0,103.85154545454546,99.261,55.0,9,Austin,9617,2024,1,1.9309999999999974
16,Charles LECLERC,Ferrari,1,3,1.0,101.96558928571429,97.834,56.0,9,Austin,9617,2024,2,0.5040000000000049
18,Lance STROLL,Aston Martin,15,13,1.0,104.12838181818181,99.214,55.0,9,Austin,9617,2024,-2,1.8840000000000003
20,Kevin MAGNUSSEN,Haas F1 Team,11,8,2.0,103.39144642857143,98.21,56.0,9,Austin,9617,2024,-3,0.8799999999999955
22,Yuki TSUNODA,RB,14,9,1.0,103.87661818181819,99.193,55.0,9,Austin,9617,2024,-5,1.8629999999999995
23,Alexander ALBON,Williams,16,18,2.0,104.1494909090909,99.084,55.0,9,Austin,9617,2024,2,1.7540000000000049
24,ZHOU Guanyu,Kick Sauber,19,20,2.0,104.71196363636365,99.272,55.0,9,Austin,9617,2024,1,1.9420000000000073
27,Nico HULKENBERG,Haas F1 Team,8,6,1.0,103.08935714285714,98.404,56.0,9,Austin,9617,2024,-2,1.073999999999998
30,Liam LAWSON,RB,9,15,1.0,103.22394642857144,98.091,56.0,9,Austin,9617,2024,6,0.7609999999999957
31,Esteban OCON,Alpine,18,17,2.0,104.5858,97.33,55.0,9,Austin,9617,2024,-1,0.0
43,Franco COLAPINTO,Williams,10,10,1.0,103.25051785714287,97.611,56.0,9,Austin,9617,2024,0,0.2810000000000059
44,Lewis HAMILTON,Mercedes,20,7,0.0,108.546,108.546,1.0,9,Austin,9617,2024,-13,11.216000000000008
55,Carlos SAINZ,Ferrari,2,5,1.0,102.11860714285714,97.763,56.0,9,Austin,9617,2024,3,0.43300000000000693
63,George RUSSELL,Mercedes,6,2,1.0,102.80521818181819,97.656,55.0,9,Austin,9617,2024,-4,0.3260000000000076
77,Valtteri BOTTAS,Kick Sauber,17,19,1.0,104.44250909090908,100.575,55.0,9,Austin,9617,2024,2,3.2450000000000045
81,Oscar PIASTRI,McLaren,5,16,1.0,102.36296428571428,97.883,56.0,9,Austin,9617,2024,11,0.5529999999999973
1,Max VERSTAPPEN,Red Bull Racing,6,2,1.0,86.1375352112676,80.872,71.0,65,Mexico City,9625,2024,-4,2.5360000000000014
4,Lando NORRIS,McLaren,2,3,1.0,85.36471830985916,79.691,71.0,65,Mexico City,9625,2024,1,1.355000000000004
10,Pierre GASLY,Alpine,10,8,1.0,86.78158571428571,81.274,70.0,65,Mexico City,9625,2024,-2,2.9380000000000024
11,Sergio PEREZ,Red Bull Racing,17,18,3.0,87.56354285714286,79.209,70.0,65,Mexico City,9625,2024,1,0.8730000000000047
14,Fernando ALONSO,Aston Martin,18,13,0.0,101.78013333333334,82.722,15.0,65,Mexico City,9625,2024,-5,4.385999999999996
16,Charles LECLERC,Ferrari,3,4,2.0,85.78190140845071,78.336,71.0,65,Mexico City,9625,2024,1,0.0
18,Lance STROLL,Aston Martin,11,14,1.0,86.87558571428572,81.311,70.0,65,Mexico City,9625,2024,3,2.9750000000000085
20,Kevin MAGNUSSEN,Haas F1 Team,7,7,1.0,86.19511267605634,80.637,71.0,65,Mexico City,9625,2024,0,2.301000000000002
22,Yuki TSUNODA,RB,20,11,0.0,,,,65,Mexico City,9625,2024,-9,
23,Alexander ALBON,Williams,19,9,0.0,,,,65,Mexico City,9625,2024,-10,
24,ZHOU Guanyu,Kick Sauber,15,20,1.0,87.40008571428572,81.553,70.0,65,Mexico City,9625,2024,5,3.2169999999999987
27,Nico HULKENBERG,Haas F1 Team,9,10,1.0,86.5569857142857,80.748,70.0,65,Mexico City,9625,2024,1,2.412000000000006
30,Liam LAWSON,RB,16,12,2.0,87.43752857142857,79.502,70.0,65,Mexico City,9625,2024,-4,1.1659999999999968
31,Esteban OCON,Alpine,13,19,1.0,86.3871884057971,80.659,69.0,65,Mexico City,9625,2024,6,2.3230000000000075
43,Franco COLAPINTO,Williams,12,16,1.0,86.90975714285715,80.09,70.0,65,Mexico City,9625,2024,4,1.7540000000000049
44,Lewis HAMILTON,Mercedes,4,6,1.0,85.92950704225352,80.371,71.0,65,Mexico City,9625,2024,2,2.0349999999999966
55,Carlos SAINZ,Ferrari,1,1,1.0,85.29808450704225,80.137,71.0,65,Mexico City,9625,2024,0,1.801000000000002
63,George RUSSELL,Mercedes,5,5,1.0,85.98264788732395,80.731,71.0,65,Mexico City,9625,2024,0,2.394999999999996
77,Valtteri BOTTAS,Kick Sauber,14,15,1.0,87.12025714285714,81.085,70.0,65,Mexico City,9625,2024,1,2.7489999999999952
81,Oscar PIASTRI,McLaren,8,17,1.0,86.2142676056338,80.064,71.0,65,Mexico City,9625,2024,9,1.7279999999999944
1,Max VERSTAPPEN,Red Bull Racing,1,4,1.0,110.36120289855072,80.472,69.0,14,Interlagos,9636,2024,3,0.0
4,Lando NORRIS,McLaren,6,2,2.0,110.81473913043479,81.517,69.0,14,Interlagos,9636,2024,-4,1.0450000000000017
10,Pierre GASLY,Alpine,3,7,1.0,110.68765217391305,81.645,69.0,14,Interlagos,9636,2024,4,1.1730000000000018
11,Sergio PEREZ,Red Bull Racing,11,13,2.0,111.10682608695652,82.143,69.0,14,Interlagos,9636,2024,2,1.6710000000000065
14,Fernando ALONSO,Aston Martin,14,16,2.0,111.49199999999999,82.293,69.0,14,Interlagos,9636,2024,2,1.8210000000000122
16,Charles LECLERC,Ferrari,5,3,2.0,110.79668115942029,81.631,69.0,14,Interlagos,9636,2024,-2,1.159000000000006
18,Lance STROLL,Aston Martin,20,19,0.0,,,,14,Interlagos,9636,2024,-1,
22,Yuki TSUNODA,RB,7,18,2.0,110.96997101449276,81.828,69.0,14,Interlagos,9636,2024,11,1.3560000000000088
23,Alexander ALBON,Williams,19,9,0.0,,,,14,Interlagos,9636,2024,-10,
24,ZHOU Guanyu,Kick Sauber,15,20,4.0,111.51317391304347,83.058,69.0,14,Interlagos,9636,2024,5,2.5860000000000127
27,Nico HULKENBERG,Haas F1 Team,18,12,3.0,98.605,83.764,30.0,14,Interlagos,9636,2024,-6,3.2920000000000016
30,Liam LAWSON,RB,9,8,2.0,111.09053623188404,82.123,69.0,14,Interlagos,9636,2024,-1,1.6510000000000105
31,Esteban OCON,Alpine,2,17,1.0,110.64256521739131,81.771,69.0,14,Interlagos,9636,2024,15,1.2990000000000066
43,Franco COLAPINTO,Williams,17,14,2.0,90.28766666666667,84.296,30.0,14,Interlagos,9636,2024,-3,3.8240000000000123
44,Lewis HAMILTON,Mercedes,10,11,2.0,111.09598550724638,82.041,69.0,14,Interlagos,9636,2024,1,1.5690000000000026
50,Oliver BEARMAN,Haas F1 Team,12,10,2.0,111.18736231884058,82.494,69.0,14,Interlagos,9636,2024,-2,2.0220000000000056
55,Carlos SAINZ,Ferrari,16,5,2.0,130.83148648648648,84.201,37.0,14,Interlagos,9636,2024,-11,3.728999999999999
63,George RUSSELL,Mercedes,4,6,2.0,110.69788405797101,81.645,69.0,14,Interlagos,9636,2024,2,1.1730000000000018
77,Valtteri BOTTAS,Kick Sauber,13,15,1.0,111.28175362318841,82.877,69.0,14,Interlagos,9636,2024,2,2.405000000000001
81,Oscar PIASTRI,McLaren,8,1,2.0,110.86698550724638,81.532,69.0,14,Interlagos,9636,2024,-7,1.0600000000000023
1,Max VERSTAPPEN,Red Bull Racing,5,5,2.0,98.86008,96.248,50.0,152,Las Vegas,9644,2024,0,1.3719999999999999
4,Lando NORRIS,McLaren,6,6,3.0,99.39584,94.876,50.0,152,Las Vegas,9644,2024,0,0.0
10,Pierre GASLY,Alpine,20,3,1.0,102.49593333333334,98.314,15.0,152,Las Vegas,9644,2024,-17,3.437999999999988
11,Sergio PEREZ,Red Bull Racing,10,16,2.0,99.79082,96.326,50.0,152,Las Vegas,9644,2024,6,1.4499999999999886
14,Fernando ALONSO,Aston Martin,11,17,2.0,99.91126,96.553,50.0,152,Las Vegas,9644,2024,6,1.6769999999999925
16,Charles LECLERC,Ferrari,4,4,2.0,98.81258,95.674,50.0,152,Las Vegas,9644,2024,0,0.7980000000000018
18,Lance STROLL,Aston Martin,15,20,2.0,100.2089,97.179,50.0,152,Las Vegas,9644,2024,5,2.3029999999999973
20,Kevin MAGNUSSEN,Haas F1 Team,12,12,1.0,99.92312,96.557,50.0,152,Las Vegas,9644,2024,0,1.6809999999999974
22,Yuki TSUNODA,RB,9,7,2.0,99.7849,96.957,50.0,152,Las Vegas,9644,2024,-2,2.080999999999989
23,Alexander ALBON,Williams,19,18,1.0,101.296,98.008,25.0,152,Las Vegas,9644,2024,-1,3.131999999999991
24,ZHOU Guanyu,Kick Sauber,13,13,2.0,100.00832,96.324,50.0,152,Las Vegas,9644,2024,0,1.4479999999999933
27,Nico HULKENBERG,Haas F1 Team,8,9,2.0,99.72466,96.585,50.0,152,Las Vegas,9644,2024,1,1.708999999999989
30,Liam LAWSON,RB,16,15,2.0,100.34858,96.98,50.0,152,Las Vegas,9644,2024,-1,2.103999999999999
31,Esteban OCON,Alpine,17,11,3.0,100.58248979591838,96.511,49.0,152,Las Vegas,9644,2024,-6,1.634999999999991
43,Franco COLAPINTO,Williams,14,14,2.0,99.70442857142856,96.867,49.0,152,Las Vegas,9644,2024,0,1.9909999999999997
44,Lewis HAMILTON,Mercedes,2,10,2.0,98.67286,95.48,50.0,152,Las Vegas,9644,2024,8,0.6039999999999992
55,Carlos SAINZ,Ferrari,3,2,2.0,98.76558000000001,95.875,50.0,152,Las Vegas,9644,2024,-1,0.9989999999999952
63,George RUSSELL,Mercedes,1,1,2.0,98.52894,95.717,50.0,152,Las Vegas,9644,2024,0,0.840999999999994
77,Valtteri BOTTAS,Kick Sauber,18,19,2.0,100.76914285714285,96.601,49.0,152,Las Vegas,9644,2024,1,1.7249999999999943
81,Oscar PIASTRI,McLaren,7,8,2.0,99.55414,96.598,50.0,152,Las Vegas,9644,2024,1,1.7219999999999942
1,Max VERSTAPPEN,Red Bull Racing,1,6,3.0,95.88973684210526,82.905,57.0,150,Lusail,9655,2024,5,0.5210000000000008
4,Lando NORRIS,McLaren,10,1,4.0,96.51682456140351,82.384,57.0,150,Lusail,9655,2024,-9,0.0
10,Pierre GASLY,Alpine,5,8,3.0,96.18354385964912,83.705,57.0,150,Lusail,9655,2024,3,1.320999999999998
11,Sergio PEREZ,Red Bull Racing,17,16,3.0,97.12223684210527,85.288,38.0,150,Lusail,9655,2024,-1,2.9039999999999964
14,Fernando ALONSO,Aston Martin,7,11,3.0,96.24078947368422,83.667,57.0,150,Lusail,9655,2024,4,1.2830000000000013
16,Charles LECLERC,Ferrari,2,5,3.0,95.99498245614035,83.242,57.0,150,Lusail,9655,2024,3,0.8580000000000041
18,Lance STROLL,Aston Martin,18,14,2.0,121.488125,90.935,8.0,150,Lusail,9655,2024,-4,8.551000000000002
20,Kevin MAGNUSSEN,Haas F1 Team,9,15,3.0,96.45545614035088,84.259,57.0,150,Lusail,9655,2024,6,1.875
22,Yuki TSUNODA,RB,13,17,4.0,96.96150877192983,86.144,57.0,150,Lusail,9655,2024,4,3.760000000000005
23,Alexander ALBON,Williams,15,12,4.0,97.833,85.559,56.0,150,Lusail,9655,2024,-3,3.174999999999997
24,ZHOU Guanyu,Kick Sauber,8,19,3.0,96.33424561403508,83.889,57.0,150,Lusail,9655,2024,11,1.5049999999999955
27,Nico HULKENBERG,Haas F1 Team,16,9,4.0,98.33020512820514,85.767,39.0,150,Lusail,9655,2024,-7,3.3829999999999956
30,Liam LAWSON,RB,14,10,4.0,96.98933333333333,86.076,57.0,150,Lusail,9655,2024,-4,3.691999999999993
31,Esteban OCON,Alpine,20,18,0.0,,,,150,Lusail,9655,2024,-2,
43,Franco COLAPINTO,Williams,19,20,0.0,,,,150,Lusail,9655,2024,1,
44,Lewis HAMILTON,Mercedes,12,7,4.0,96.87324561403508,83.865,57.0,150,Lusail,9655,2024,-5,1.4809999999999945
55,Carlos SAINZ,Ferrari,6,4,3.0,96.19642105263158,83.465,57.0,150,Lusail,9655,2024,-2,1.081000000000003
63,George RUSSELL,Mercedes,4,2,4.0,96.04861403508771,83.355,57.0,150,Lusail,9655,2024,-2,0.9710000000000036
77,Valtteri BOTTAS,Kick Sauber,11,13,3.0,96.7718596491228,85.533,57.0,150,Lusail,9655,2024,2,3.149000000000001
81,Oscar PIASTRI,McLaren,3,3,3.0,96.00978947368421,83.218,57.0,150,Lusail,9655,2024,0,0.8340000000000032
1,Max VERSTAPPEN,Red Bull Racing,6,5,1.0,90.40525862068965,87.765,58.0,70,Yas Marina Circuit,9662,2024,-1,2.128
4,Lando NORRIS,McLaren,1,1,1.0,89.54703448275862,87.438,58.0,70,Yas Marina Circuit,9662,2024,0,1.801000000000002
10,Pierre GASLY,Alpine,7,6,1.0,90.79839655172414,89.212,58.0,70,Yas Marina Circuit,9662,2024,-1,3.575000000000003
11,Sergio PEREZ,Red Bull Racing,20,10,0.0,,,,70,Yas Marina Circuit,9662,2024,-10,
14,Fernando ALONSO,Aston Martin,9,8,2.0,90.96603448275862,87.948,58.0,70,Yas Marina Circuit,9662,2024,-1,2.310999999999993
16,Charles LECLERC,Ferrari,3,14,1.0,90.09665517241379,88.018,58.0,70,Yas Marina Circuit,9662,2024,11,2.3810000000000002
18,Lance STROLL,Aston Martin,14,13,2.0,91.35338596491228,88.604,57.0,70,Yas Marina Circuit,9662,2024,-1,2.9669999999999987
20,Kevin MAGNUSSEN,Haas F1 Team,16,15,4.0,92.47729824561404,85.637,57.0,70,Yas Marina Circuit,9662,2024,-1,0.0
22,Yuki TSUNODA,RB,12,11,1.0,91.3777894736842,89.2,57.0,70,Yas Marina Circuit,9662,2024,-1,3.5630000000000024
23,Alexander ALBON,Williams,11,16,1.0,91.31464912280703,89.438,57.0,70,Yas Marina Circuit,9662,2024,5,3.801000000000002
24,ZHOU Guanyu,Kick Sauber,13,17,2.0,91.42215789473684,87.982,57.0,70,Yas Marina Circuit,9662,2024,4,2.344999999999999
27,Nico HULKENBERG,Haas F1 Team,8,4,1.0,90.85051724137931,89.152,58.0,70,Yas Marina Circuit,9662,2024,-4,3.5150000000000006
30,Liam LAWSON,RB,17,12,3.0,92.31576363636364,88.751,55.0,70,Yas Marina Circuit,9662,2024,-5,3.1140000000000043
43,Franco COLAPINTO,Williams,19,19,1.0,95.0295,89.411,26.0,70,Yas Marina Circuit,9662,2024,0,3.774000000000001
44,Lewis HAMILTON,Mercedes,4,18,1.0,90.1748448275862,87.278,58.0,70,Yas Marina Circuit,9662,2024,14,1.6410000000000053
55,Carlos SAINZ,Ferrari,2,3,1.0,89.64891379310345,87.765,58.0,70,Yas Marina Circuit,9662,2024,1,2.128
61,Jack DOOHAN,Alpine,15,20,1.0,91.58252631578947,89.121,57.0,70,Yas Marina Circuit,9662,2024,5,3.4839999999999947
63,George RUSSELL,Mercedes,5,7,1.0,90.19505172413793,88.195,58.0,70,Yas Marina Circuit,9662,2024,2,2.5579999999999927
77,Valtteri BOTTAS,Kick Sauber,18,9,1.0,94.91836666666667,89.482,30.0,70,Yas Marina Circuit,9662,2024,-9,3.844999999999999
81,Oscar PIASTRI,McLaren,10,2,2.0,90.98939655172414,87.69,58.0,70,Yas Marina Circuit,9662,2024,-8,2.0529999999999973
